<piecemaker>
	<Contents>
		<Image Source="img/slider/1.png" Title="Slide 1">
			<!--<Text>
				<h1>This is your first slide info title</h1> <p> You can use p or h1 element tag to define your custom description</p>
			</Text>-->
		</Image>
		<Image Source="img/slider/2.png" Title="Slide 2">
			<!--<Text>
				<h1>This is your first slide info title</h1> <p> You can use p or h1 element tag to define your custom description</p>
			</Text>-->
		</Image>
		<Image Source="img/slider/3.jpg" Title="Slide 3">
			<!--<Text>
				<h1>This is your first slide info title</h1> <p> You can use p or h1 element tag to define your custom description</p>
			</Text> -->
		</Image>
	</Contents>
	<Settings ImageWidth="980" ImageHeight="500" LoaderColor="0x333333" InnerSideColor="0x000000" SideShadowAlpha="0.0" DropShadowAlpha="0.0" DropShadowDistance="25" DropShadowScale="0.95" DropShadowBlurX="40" DropShadowBlurY="4" MenuDistanceX="20" MenuDistanceY="20" MenuColor1="0x999999" MenuColor2="0x333333" MenuColor3="0xFFFFFF" ControlSize="100" ControlDistance="20" ControlColor1="0x222222" ControlColor2="0xFFFFFF" ControlAlpha="0.8" ControlAlphaOver="0.95" ControlsX="450" ControlsY="280" ControlsAlign="center" TooltipHeight="30" TooltipColor="0x222222" TooltipTextY="5" TooltipTextStyle="P-Italic" TooltipTextColor="0xFFFFFF" TooltipMarginLeft="5" TooltipMarginRight="7" TooltipTextSharpness="50" TooltipTextThickness="-100" InfoWidth="400" InfoBackground="0xFFFFFF" InfoBackgroundAlpha="0.95" InfoMargin="0" InfoSharpness="0" InfoThickness="0" Autoplay="5" FieldOfView="45"/>
	<Transitions>
        <Transition Pieces="8" Time="1.3" Transition="easeOutExpo" Delay="0.1" DepthOffset="500" CubeDistance="50"/>
		<Transition Pieces="15" Time="3" Transition="easeOutElastic" Delay="0.03" DepthOffset="200" CubeDistance="10"/>
		<Transition Pieces="8" Time="1.3" Transition="easeOutExpo" Delay="0.1" DepthOffset="500" CubeDistance="50"/>
		<Transition Pieces="8" Time="1.3" Transition="easeOutExpo" Delay="0.1" DepthOffset="500" CubeDistance="50"/>
		<Transition Pieces="8" Time="1.3" Transition="easeOutExpo" Delay="0.1" DepthOffset="500" CubeDistance="50"/>
	</Transitions>
</piecemaker>